ID,satisfaction
1,0.08124353
2,0.060620256
3,0.9950038
4,0.993398
5,0.7060368
6,0.025667321
7,0.008002993
8,0.99984473
9,0.029670024
10,0.009639248
11,0.983261
12,0.7252138
13,0.010828318
14,0.0021519978
15,0.42883295
16,0.96539557
17,0.04805065
18,0.083874196
19,0.41763568
20,0.8699439
21,0.99897015
22,0.001709242
23,0.009022046
24,0.009041081
25,0.77941984
26,0.35448632
27,0.00039778586
28,0.0005549611
29,0.9969144
30,0.2321476
31,0.9942008
32,0.9988004
33,0.0068658465
34,0.0023748917
35,0.9999312
36,0.99055254
37,0.020915857
38,0.99998534
39,0.001263778
40,0.99752885
41,0.9998557
42,0.9996713
43,0.44613877
44,0.00013042972
45,0.00410477
46,0.9999005
47,0.7114113
48,0.00016352115
49,0.0036001534
50,0.97437274
51,0.00037198752
52,0.99970466
53,0.00049173395
54,0.28105724
55,0.9927986
56,0.002499966
57,0.99981785
58,0.019787079
59,0.46504053
60,0.998786
61,0.001165564
62,0.005027835
63,0.014911559
64,0.0057645882
65,0.67723334
66,0.9996052
67,0.99996614
68,0.19259465
69,0.14994787
70,0.00017579396
71,0.0020256585
72,0.9975319
73,0.7961236
74,0.9999504
75,0.0036085169
76,0.036727466
77,0.0006270226
78,0.38604313
79,0.9988925
80,0.6656987
81,0.754704
82,0.9994134
83,0.00021113276
84,0.0009414498
85,0.9268659
86,0.026271949
87,0.9953433
88,0.86694825
89,0.9959019
90,0.58559525
91,0.99017495
92,0.95085686
93,0.05602647
94,0.0037016147
95,0.6370546
96,0.9989384
97,0.00044880513
98,0.9404048
99,0.9982234
100,0.010828318
101,0.012136228
102,0.022798771
103,0.45117083
104,0.0040270938
105,0.77761203
106,0.37230724
107,0.999839
108,0.8645601
109,0.0028980093
110,0.99522686
111,0.9999959
112,0.009786635
113,0.07011156
114,0.9931359
115,0.0018348314
116,0.9833969
117,0.0597839
118,0.0002537836
119,0.0631818
120,0.0032031648
121,0.99345577
122,0.40678105
123,0.001885625
124,0.0004325835
125,0.00026695456
126,0.99989575
127,0.80970037
128,0.9989265
129,0.9910571
130,0.0002802317
131,0.85408795
132,0.46991953
133,0.005609999
134,0.99458647
135,0.8477666
136,0.25058475
137,0.19706886
138,0.053332336
139,0.0021389644
140,0.00025194327
141,0.0003385391
142,0.99885523
143,0.8960897
144,0.00231269
145,0.35678294
146,0.99871576
147,0.9959909
148,0.0012895169
149,0.99697846
150,0.14327885
151,0.99997693
152,0.999699
153,0.9993623
154,0.00020607184
155,0.15922002
156,0.9998515
157,0.9904497
158,0.97775584
159,0.9945526
160,5.2489533e-05
161,0.86355275
162,0.99995434
163,0.9818258
164,0.00022477718
165,0.7755648
166,0.9978452
167,0.515875
168,0.060096968
169,0.9972068
170,0.007247933
171,0.014335158
172,0.002236186
173,0.0010115716
174,0.0016307055
175,0.07437916
176,0.9788631
177,0.0009993075
178,0.96571857
179,0.09106589
180,0.00017193795
181,0.9965105
182,0.1273587
183,0.99865514
184,0.93950623
185,0.99797803
186,0.2955454
187,0.8920723
188,0.0696388
189,0.36125416
190,0.0017965002
191,0.0009840403
192,0.993306
193,0.9964205
194,0.008523048
195,0.99966586
196,0.012332531
197,0.008254739
198,0.0950679
199,0.9943444
200,0.14482579
201,0.825164
202,0.01234253
203,0.28221154
204,0.00044880513
205,0.25674176
206,0.9995864
207,0.9998523
208,0.0019341102
209,0.00021450457
210,0.9969881
211,0.002758206
212,0.0048772274
213,0.08579487
214,0.002570617
215,0.4405087
216,0.99405277
217,0.0005271548
218,0.99983025
219,0.0022804337
220,0.99755114
221,0.7548261
222,0.0015723787
223,0.9890336
224,0.0007905026
225,0.9995432
226,0.9978727
227,0.8017415
228,0.998826
229,0.9989874
230,0.6908355
231,0.00048722318
232,0.00035649218
233,0.22194493
234,0.00062317034
235,0.36474782
236,0.9998555
237,0.9937828
238,0.9948169
239,0.0072698025
240,0.063095264
241,0.10470861
242,0.0018450435
243,0.0009906332
244,0.9978485
245,0.94232833
246,0.99778956
247,0.003069561
248,0.7467829
249,0.01638404
250,0.99521667
251,0.9966359
252,0.8440005
253,0.92508566
254,0.004628335
255,0.9997091
256,0.9998846
257,0.35126787
258,0.031846814
259,0.99896085
260,0.0053918725
261,0.8056201
262,0.2944104
263,0.03295683
264,0.83758515
265,0.092977904
266,0.0012010603
267,0.99915123
268,0.0017114747
269,0.0002753958
270,0.4980591
271,0.22169706
272,0.9920284
273,0.00060485175
274,0.00076526083
275,0.011296121
276,0.92757004
277,0.89100707
278,0.9998932
279,0.00044096276
280,0.13321733
281,0.9920207
282,0.998072
283,0.44285908
284,0.767481
285,0.99933064
286,0.9997905
287,0.99963826
288,0.0006379158
289,0.014902051
290,0.13438185
291,0.99905455
292,0.9998933
293,0.003869217
294,0.99756557
295,0.00040495177
296,0.9998724
297,0.00764249
298,0.00075010944
299,0.0010436203
300,0.9488881
301,0.99974805
302,0.8068371
303,0.19413453
304,0.00013584338
305,0.00061876455
306,0.0238784
307,0.93950623
308,0.30848584
309,0.99973357
310,0.000811309
311,0.99870586
312,0.0007130483
313,0.5282128
314,0.9930774
315,0.9923854
316,0.9993272
317,0.99985635
318,0.00041416506
319,0.999585
320,0.06952903
321,0.0038168076
322,0.9999067
323,0.024690883
324,0.0006269672
325,0.9946655
326,0.14608772
327,0.01080812
328,0.009758817
329,0.0013178394
330,0.98871815
331,0.99560577
332,0.9995767
333,0.006413563
334,0.63222826
335,0.9968794
336,0.00014525736
337,0.045812286
338,0.9983037
339,0.028826725
340,0.0015798949
341,0.9993557
342,0.00010226238
343,0.9998369
344,0.005025845
345,0.00036585794
346,0.99762964
347,0.009390779
348,0.4273719
349,0.9976958
350,0.0005043596
351,0.99990684
352,0.00549157
353,0.9841555
354,0.24968228
355,0.0006080103
356,0.009078945
357,0.9999577
358,0.18272184
359,0.99961597
360,0.9998212
361,0.9941662
362,0.99997234
363,0.77933544
364,0.00012623887
365,0.6773033
366,0.009178868
367,0.00030596444
368,0.37154114
369,0.9466895
370,0.9994404
371,0.2773952
372,0.00039443458
373,0.0021265163
374,0.40878224
375,0.99976194
376,0.99797803
377,0.99916875
378,0.99996835
379,0.00045980266
380,0.0016359059
381,0.8963383
382,0.0036139148
383,0.58868015
384,0.9990342
385,0.0068319766
386,0.71698284
387,0.020570872
388,0.0013180475
389,0.8406421
390,0.008914577
391,0.00020238156
392,0.99813545
393,0.35460347
394,0.007868763
395,0.0012343607
396,0.9709514
397,0.000614944
398,0.10218619
399,0.052411497
400,0.64479303
401,0.99991095
402,0.036375217
403,0.14294027
404,0.9948271
405,0.0022528504
406,0.98947316
407,0.8555452
408,0.017599076
409,0.004513433
410,0.00045968156
411,0.5788666
412,0.99950707
413,0.0008201234
414,0.9978288
415,0.459642
416,0.59989953
417,0.2058107
418,0.41391635
419,0.00069870986
420,0.06897221
421,0.9669533
422,0.999975
423,0.0011068818
424,0.93344223
425,0.0041892035
426,0.82882774
427,0.011428317
428,0.99955255
429,0.998312
430,0.9964932
431,0.9919651
432,0.99491787
433,0.9614002
434,0.0048963907
435,0.06277124
436,0.005922581
437,0.0036608945
438,0.99932605
439,0.99998486
440,0.99741554
441,0.9932693
442,0.96547925
443,0.9998463
444,0.0007082814
445,0.86355275
446,0.024828525
447,0.98844767
448,0.99979675
449,0.0006333977
450,0.03384596
451,0.17319003
452,0.9993142
453,0.13589406
454,0.6809742
455,0.0012010603
456,0.0037063907
457,0.19364145
458,0.014070396
459,0.9991482
460,0.9998256
461,0.9993415
462,0.005684274
463,0.013544177
464,0.013656882
465,0.99697745
466,0.581725
467,0.4993307
468,0.0019260686
469,0.94337255
470,0.82245195
471,0.52007014
472,0.999317
473,0.0020059526
474,0.002836354
475,0.66196513
476,0.99677026
477,0.0006057721
478,0.005230427
479,0.999747
480,0.0031794743
481,0.0014009759
482,0.5894969
483,0.99629927
484,0.33345708
485,0.99864864
486,0.0023772493
487,0.0031714607
488,0.44613877
489,0.978783
490,0.99988824
491,0.9999434
492,0.99793005
493,0.0017320227
494,0.99927074
495,0.4329633
496,0.00029475955
497,0.0004935114
498,0.0020713774
499,0.00037376952
500,0.010010505
501,0.0007450887
502,0.9995987
503,0.0014014619
504,0.26275614
505,0.58589137
506,0.99521667
507,0.0010042847
508,0.0006966896
509,0.27609587
510,0.896008
511,0.0017034824
512,0.00036153704
513,0.012380467
514,0.030201668
515,0.006435901
516,0.020724738
517,0.99952745
518,0.03928959
519,0.9996432
520,0.9949071
521,0.9999755
522,0.9998902
523,0.0025632218
524,0.9595965
525,0.9767951
526,0.13119224
527,0.3178912
528,0.0077919187
529,0.8277871
530,0.0022831697
531,0.9134556
532,0.000101431986
533,0.8869995
534,0.9422501
535,0.0015420995
536,0.00020261234
537,0.008783091
538,0.4621222
539,0.69556576
540,0.87621576
541,0.99736655
542,9.365261e-05
543,0.99988365
544,0.055930592
545,0.8665948
546,0.039367475
547,0.9999331
548,0.007247391
549,0.9720596
550,0.99742335
551,0.0042146454
552,0.00061876164
553,0.9415189
554,0.999771
555,0.99225414
556,0.024690883
557,0.7584959
558,0.008136474
559,0.052485667
560,0.9986461
561,0.0048427302
562,0.06897221
563,0.99815005
564,0.17748451
565,0.9031
566,0.9999238
567,0.99359524
568,0.49367562
569,0.044395402
570,0.64197135
571,0.99678516
572,0.05269873
573,0.9998557
574,0.6628238
575,0.99659216
576,0.21984446
577,0.9861762
578,0.9996899
579,0.0039012171
580,0.99836683
581,0.9694517
582,0.99533165
583,0.9995271
584,0.99962604
585,0.94548404
586,0.004893945
587,0.99279606
588,0.99899435
589,0.00023686809
590,0.0030335714
591,0.0004260879
592,0.9969128
593,0.6252049
594,0.1947072
595,0.12239218
596,0.99487084
597,0.9521783
598,0.00018097513
599,0.00011740644
600,0.09265566
601,0.9968195
602,0.9999363
603,0.7620276
604,0.9998845
605,0.99959266
606,0.99855745
607,0.00031246626
608,0.9985739
609,0.014729743
610,0.005581335
611,0.03015117
612,0.99923545
613,0.00327719
614,0.99867266
615,0.0066930503
616,0.011901647
617,0.0015485209
618,0.0012448579
619,0.9421358
620,0.404882
621,7.102838e-05
622,0.9520799
623,0.9980772
624,0.00012794501
625,0.9909356
626,0.014836808
627,0.033564158
628,0.099387884
629,0.9572032
630,0.9829958
631,0.6654432
632,0.9972364
633,0.9995038
634,0.014348574
635,0.010017038
636,0.86922294
637,0.016157381
638,0.4413642
639,0.000995996
640,0.0033433095
641,0.9985032
642,0.9988844
643,0.69556105
644,0.00083017256
645,0.9981186
646,0.9998617
647,0.003489885
648,0.0011897243
649,0.0004260879
650,0.0006844009
651,0.7755648
652,0.80294675
653,0.00032100486
654,0.0134375
655,0.12091082
656,0.9990965
657,0.9947208
658,0.0011245884
659,0.023021746
660,0.99919575
661,0.0013895845
662,0.0013889264
663,0.9962222
664,0.13370073
665,0.022881437
666,0.9967171
667,0.9997263
668,0.9992722
669,0.9995161
670,0.18905357
671,0.00057761505
672,0.004684936
673,0.99367714
674,0.0012775073
675,0.0040927352
676,0.0006620288
677,0.002440083
678,0.7283671
679,0.9997443
680,0.9997901
681,0.007538711
682,0.9753192
683,0.999523
684,0.81699973
685,0.88466424
686,0.9408887
687,0.98625755
688,0.040709965
689,0.01688614
690,0.00084104424
691,0.004278118
692,0.6957044
693,0.1010208
694,0.99984276
695,0.016828967
696,0.5570431
697,0.014149159
698,0.99477184
699,0.9985531
700,0.3293205
701,0.010012265
702,0.9993995
703,0.0034872666
704,0.9260458
705,0.9965089
706,0.43003708
707,0.99991447
708,0.9997404
709,0.0656758
710,0.37363905
711,0.011216132
712,0.03093415
713,0.99991924
714,0.0057460293
715,0.9998301
716,0.9552909
717,0.999475
718,0.002470355
719,0.99756944
720,0.033684164
721,0.9988224
722,0.9937307
723,0.033157613
724,0.007868763
725,0.9988961
726,0.2147067
727,0.99780685
728,0.0044133505
729,0.99998397
730,0.98638916
731,0.2640316
732,0.6469296
733,0.006251502
734,0.0005889904
735,0.70228034
736,0.029772663
737,0.06111268
738,0.0012189787
739,0.9988853
740,0.9550192
741,0.0027505367
742,0.9997665
743,0.002505979
744,0.99736965
745,0.019911045
746,0.07095526
747,0.019108016
748,0.91260356
749,0.014750278
750,0.49914655
751,0.36380893
752,0.0070941644
753,0.76948464
754,0.18692844
755,0.999827
756,0.0026277013
757,0.0454122
758,0.0015934125
759,0.98898506
760,0.9962095
761,0.82161695
762,0.9862195
763,0.00019475786
764,0.00081854814
765,3.0469553e-05
766,0.00030819498
767,0.027158445
768,0.0036278777
769,0.99987113
770,0.9999708
771,0.0030271125
772,0.9984025
773,0.99962837
774,0.9992852
775,0.00037561066
776,0.02388088
777,0.0003569637
778,0.9996847
779,0.64705807
780,0.7870062
781,0.8659088
782,0.9957882
783,0.89499056
784,0.0009877235
785,0.21282467
786,0.0056041772
787,0.9998457
788,0.67166895
789,0.9990293
790,0.9841555
791,0.38240844
792,5.6616023e-05
793,0.9999072
794,0.66668856
795,0.9662634
796,0.97182417
797,0.006400685
798,0.9972973
799,0.010615007
800,0.9915398
801,0.99622804
802,0.9996433
803,0.9995924
804,0.9999167
805,0.001592
806,0.74744105
807,0.0242495
808,0.5626925
809,0.5515951
810,0.9975855
811,0.99975586
812,0.0476517
813,0.039676357
814,0.999827
815,0.0003287554
816,0.022389252
817,0.9982899
818,0.9706271
819,0.993828
820,0.99966973
821,0.053948283
822,0.95171607
823,0.57807595
824,0.7285078
825,0.965896
826,0.0039384384
827,0.9966534
828,0.0033370159
829,0.9985627
830,0.73395485
831,0.98947316
832,0.051470798
833,0.9997455
834,0.005773169
835,0.00061005173
836,0.008783091
837,0.0002731916
838,0.9999527
839,0.0019934198
840,0.9991719
841,0.9378476
842,0.010812933
843,0.9938059
844,0.87774295
845,0.007783367
846,0.89296037
847,0.04637471
848,2.451232e-05
849,0.04110015
850,0.9993142
851,0.1516968
852,0.9739852
853,0.01950498
854,0.0072988532
855,0.953976
856,0.012999738
857,0.9996486
858,0.0009882058
859,0.999732
860,0.0009886844
861,0.44751722
862,0.9755436
863,0.9998573
864,0.8003373
865,0.034628395
866,0.0003270186
867,0.010156134
868,0.9978865
869,0.99970067
870,0.9999364
871,0.97645205
872,0.02099273
873,0.012950666
874,0.000101640086
875,0.9997485
876,0.0017907291
877,0.9999019
878,0.58559525
879,0.007900307
880,0.16291018
881,0.9395313
882,0.004239062
883,0.98279953
884,0.0115592135
885,0.902692
886,0.9559674
887,0.0016695723
888,0.04222866
889,0.010017038
890,0.0023618867
891,0.029772663
892,0.0038429503
893,0.00037664402
894,0.011629997
895,0.99989575
896,0.99930966
897,0.20892735
898,0.03327711
899,0.93104345
900,0.9998932
901,0.999829
902,0.890312
903,0.99837446
904,0.00033358685
905,0.9893037
906,0.99892056
907,0.99927074
908,0.011635478
909,0.9954258
910,0.99836093
911,0.44371438
912,0.010680342
913,0.08463156
914,0.013746344
915,0.001281083
916,0.23629388
917,0.9992539
918,0.0006258968
919,0.0073906844
920,0.9987141
921,0.9873751
922,0.12091082
923,0.9993976
924,0.9975807
925,0.9999653
926,0.26096907
927,0.0045012888
928,0.7755648
929,0.9994342
930,0.99985296
931,0.99098146
932,0.9995203
933,0.0021581792
934,0.9997345
935,0.49800295
936,0.0077364864
937,0.042868685
938,0.10569515
939,0.0008977118
940,0.00037426178
941,0.045914717
942,0.007830852
943,0.007968412
944,0.32590038
945,0.9994302
946,0.10065246
947,0.0072422707
948,0.98291034
949,0.0011894767
950,0.0014429503
951,0.27097595
952,0.018029435
953,0.05866634
954,0.00020021568
955,0.4030386
956,0.20801237
957,0.9994168
958,0.0019377919
959,0.0014763958
960,0.18970113
961,0.9621579
962,0.99531966
963,0.99684477
964,0.009971427
965,0.07662526
966,0.002264337
967,0.9652715
968,0.22514293
969,0.9998848
970,0.98565227
971,0.0012604112
972,0.9904154
973,0.99916667
974,0.99935454
975,0.98416054
976,0.0017262532
977,0.35358104
978,0.016769893
979,0.19155173
980,0.006825703
981,0.0003745826
982,0.0014237463
983,0.015587224
984,0.99989575
985,0.99073946
986,0.56302625
987,0.9999611
988,0.2058107
989,0.9961597
990,0.005563049
991,0.0024769022
992,0.5364301
993,0.00024628532
994,0.15165663
995,0.0056154374
996,0.0084372815
997,0.9990689
998,0.9865309
999,0.02297091
1000,0.2340148
1001,0.039813254
1002,0.010205398
1003,0.99911404
1004,0.0052004666
1005,0.99480075
1006,3.9117494e-05
1007,0.005568829
1008,0.6093539
1009,0.9168782
1010,0.0004590081
1011,0.07195628
1012,0.8805277
1013,0.973915
1014,0.0017451672
1015,0.8079829
1016,0.9996667
1017,0.00058227184
1018,0.030031001
1019,0.99983674
1020,0.9520114
1021,0.9999169
1022,0.999749
1023,0.0022330203
1024,0.40583175
1025,0.00030589057
1026,0.41874447
1027,0.9894295
1028,0.4885045
1029,0.9995038
1030,0.9996687
1031,0.0008336239
1032,0.004822895
1033,0.64999163
1034,0.031163955
1035,0.00040967567
1036,0.0039384384
1037,0.69201267
1038,0.99734974
1039,0.6345302
1040,0.00095886673
1041,0.00015750919
1042,0.999976
1043,0.9990982
1044,0.99992865
1045,0.9995292
1046,0.007233509
1047,0.99811316
1048,0.49663767
1049,0.9996759
1050,0.41874447
1051,0.9965178
1052,0.47902703
1053,0.99697447
1054,0.9999622
1055,0.9998379
1056,0.010573017
1057,0.35590634
1058,0.017243398
1059,0.80610764
1060,0.9949476
1061,0.010225841
1062,0.9870946
1063,0.994666
1064,0.047284327
1065,0.0072436826
1066,0.00040623648
1067,0.0029072682
1068,0.1991466
1069,0.0018861067
1070,0.14918378
1071,0.9896642
1072,0.023452029
1073,0.0057415036
1074,0.008492634
1075,0.7266277
1076,0.99617064
1077,0.008417096
1078,0.006190647
1079,0.0016050416
1080,0.0037216097
1081,0.0012684691
1082,0.99874175
1083,0.001007912
1084,0.9999175
1085,0.9891717
1086,0.0042021414
1087,0.5386361
1088,0.038768496
1089,0.99995404
1090,0.0036880064
1091,0.070306174
1092,0.00035448838
1093,0.016422803
1094,0.0043529263
1095,0.9994405
1096,0.9996416
1097,0.9969584
1098,0.9970687
1099,0.90533173
1100,0.13671818
1101,0.06242333
1102,0.1524891
1103,0.99875605
1104,0.0016960276
1105,0.00091487187
1106,0.40037376
1107,0.9682783
1108,0.29297623
1109,0.00020238156
1110,0.12194218
1111,0.99864864
1112,0.0014358519
1113,0.14825654
1114,0.9739852
1115,0.0038698534
1116,0.0036997038
1117,0.0016990941
1118,0.08980552
1119,0.9998663
1120,0.023603028
1121,0.99998534
1122,0.5712132
1123,0.99667966
1124,0.006825703
1125,0.98855036
1126,0.035644732
1127,0.35678294
1128,0.9969284
1129,0.9992752
1130,0.9596435
1131,0.080693915
1132,0.00027919473
1133,0.044200204
1134,0.008914577
1135,0.8600987
1136,0.99770796
1137,0.96152985
1138,0.8694359
1139,0.00048341166
1140,0.0018232636
1141,0.0031087107
1142,0.9257102
1143,0.002104334
1144,0.20259261
1145,0.024958873
1146,0.0029226001
1147,0.00035686963
1148,0.0009107079
1149,0.99829847
1150,0.032911424
1151,0.0009635358
1152,0.007880585
1153,0.99847966
1154,0.9998363
1155,0.001209372
1156,0.0014965752
1157,0.9849305
1158,0.027026191
1159,0.9758485
1160,0.074826874
1161,0.9986461
1162,0.07236715
1163,0.17132752
1164,0.15948698
1165,0.99930966
1166,0.07153943
1167,0.999379
1168,2.5525305e-05
1169,0.9999148
1170,0.93509895
1171,0.83823365
1172,0.017375056
1173,0.81389856
1174,0.9527319
1175,0.0010390424
1176,0.99908
1177,0.13584659
1178,0.9974884
1179,0.9995078
1180,0.01318655
1181,0.00035184974
1182,0.99962914
1183,0.0011936683
1184,0.9944647
1185,0.030638475
1186,0.9997489
1187,0.44179958
1188,0.72044384
1189,0.2557122
1190,0.99865437
1191,0.0016282679
1192,0.99845904
1193,0.9969512
1194,0.998436
1195,0.929057
1196,0.9576567
1197,0.009037733
1198,0.9057601
1199,0.999828
1200,0.99978864
1201,0.94776756
1202,0.00088119245
1203,0.9997765
1204,0.0501734
1205,0.43549618
1206,0.98831284
1207,0.008534977
1208,0.98130924
1209,0.007902602
1210,0.0018342419
1211,0.0001885592
1212,0.9992434
1213,0.05433463
1214,0.86453646
1215,0.0059462166
1216,0.0018909633
1217,0.9989761
1218,0.02297091
1219,0.27264756
1220,0.00010939148
1221,0.99922067
1222,0.53934413
1223,0.73459566
1224,0.8470546
1225,0.0005641287
1226,0.10543988
1227,0.011506701
1228,0.028763318
1229,0.038593516
1230,0.9997276
1231,0.9995779
1232,0.96178025
1233,0.015989076
1234,0.99487084
1235,0.5075603
1236,0.99962723
1237,0.0061699403
1238,0.01217956
1239,0.9960656
1240,0.000121508645
1241,0.00090639305
1242,0.9991008
1243,0.9945265
1244,0.009032809
1245,0.08819048
1246,0.00020162281
1247,0.011403666
1248,0.16982502
1249,0.3588465
1250,0.006647192
1251,0.76114404
1252,0.057988893
1253,0.9559674
1254,0.001842859
1255,0.028299395
1256,0.24184611
1257,0.99934006
1258,0.99713624
1259,0.9994812
1260,0.99848557
1261,0.03095746
1262,0.00013625687
1263,0.99984187
1264,0.75709844
1265,0.0012803434
1266,0.9987134
1267,0.9885052
1268,0.12462355
1269,0.4730044
1270,0.0028687858
1271,0.9883324
1272,0.0583178
1273,0.0053630737
1274,0.10718775
1275,0.0010585429
1276,0.012262121
1277,0.9919926
1278,0.9995092
1279,0.99810904
1280,8.794178e-05
1281,0.99188316
1282,0.99541295
1283,0.0031660192
1284,0.9982743
1285,0.958131
1286,0.0019894482
1287,0.013612933
1288,0.06626167
1289,0.0007782443
1290,0.00024780238
1291,0.99712276
1292,0.1276336
1293,0.9730533
1294,0.9978709
1295,0.99787235
1296,0.9996114
1297,0.98578674
1298,0.00016868752
1299,0.0022153424
1300,0.00076012046
1301,0.000142535
1302,0.07324877
1303,0.8819361
1304,0.009388953
1305,0.07262716
1306,0.9647829
1307,0.16698691
1308,0.99990416
1309,0.6943013
1310,0.013068768
1311,0.9998959
1312,0.92067033
1313,0.0001018604
1314,0.00030857566
1315,0.011621462
1316,0.0012448579
1317,0.0030090888
1318,0.29302803
1319,0.360268
1320,0.9993618
1321,0.9513583
1322,0.99906075
1323,0.4329633
1324,0.9636644
1325,0.0005136867
1326,0.85350525
1327,0.99951935
1328,0.9991574
1329,0.0006498849
1330,0.009020192
1331,0.92340183
1332,0.92563283
1333,0.9491123
1334,0.0058301003
1335,0.026383525
1336,0.0028363392
1337,0.6389899
1338,0.99968404
1339,0.6433315
1340,0.99976385
1341,0.0038838915
1342,0.99963915
1343,8.720774e-05
1344,0.0034896627
1345,0.0595613
1346,0.03571016
1347,0.9998196
1348,0.9765995
1349,0.80670804
1350,0.7213474
1351,0.003314761
1352,0.11084318
1353,0.15830083
1354,0.0028289836
1355,0.9361108
1356,0.13589406
1357,0.97878677
1358,0.0016182947
1359,0.69201297
1360,0.99235976
1361,0.5955775
1362,0.0046804873
1363,0.9549219
1364,0.33564326
1365,0.99958295
1366,0.0075088157
1367,0.9986998
1368,0.99869335
1369,0.9820074
1370,0.97145385
1371,0.99850607
1372,0.00017172078
1373,0.99891454
1374,0.0006282387
1375,0.99950486
1376,0.051953495
1377,0.9282141
1378,0.0012448579
1379,0.9999177
1380,0.00035215233
1381,0.97347105
1382,0.0002091402
1383,0.08445324
1384,0.227826
1385,0.99579716
1386,0.005064051
1387,0.9994725
1388,0.007040729
1389,0.9999819
1390,0.9998193
1391,0.19155173
1392,0.003866888
1393,0.0039337534
1394,0.0017965002
1395,0.020096531
1396,0.99829733
1397,0.00062085886
1398,0.99934006
1399,0.012008021
1400,0.9948271
1401,0.99990356
1402,0.00033988987
1403,0.00019889876
1404,0.0010410014
1405,0.0025310267
1406,0.99957955
1407,0.99218
1408,0.028925467
1409,0.71818984
1410,0.036884774
1411,0.9998972
1412,0.00021296009
1413,0.0002668927
1414,0.99746263
1415,0.013669381
1416,0.112980545
1417,0.0008055329
1418,0.4439226
1419,0.86492425
1420,0.0051165493
1421,0.14985017
1422,0.98757535
1423,0.002545009
1424,0.99809456
1425,0.0016801739
1426,0.9992178
1427,0.033819053
1428,0.0021161856
1429,0.99960977
1430,0.33089522
1431,0.5454549
1432,0.99771196
1433,0.06529185
1434,0.99762535
1435,0.12815578
1436,0.0020473034
1437,0.011009687
1438,0.12207003
1439,0.97155035
1440,0.9178875
1441,0.99624795
1442,0.005572499
1443,0.9983222
1444,0.9992396
1445,0.0074878884
1446,0.98950654
1447,0.999973
1448,0.99962646
1449,0.9987426
1450,0.0005999274
1451,0.974425
1452,0.17489684
1453,0.13029554
1454,0.0037047751
1455,0.0023017349
1456,0.9921365
1457,0.84239244
1458,0.12686154
1459,0.9856383
1460,0.9993415
1461,0.009129767
1462,0.00017458719
1463,0.9990145
1464,0.00026585074
1465,0.0017114747
1466,0.0031851656
1467,0.81395483
1468,0.060096968
1469,0.99941874
1470,0.9999596
1471,0.0036391686
1472,0.10754649
1473,0.00047728443
1474,0.102516696
1475,0.933499
1476,0.18139255
1477,0.99935293
1478,0.010685192
1479,0.70591074
1480,0.13505839
1481,0.99983007
1482,0.9910005
1483,0.0068037533
1484,0.00033816783
1485,0.44565076
1486,0.04520279
1487,0.0061203823
1488,0.002017194
1489,0.99946487
1490,0.9999253
1491,0.0032510967
1492,0.99708956
1493,0.99860317
1494,0.9092798
1495,0.016295705
1496,0.0011917207
1497,0.0011992578
1498,0.64195716
1499,0.9996258
1500,0.9996705
1501,0.0011275827
1502,0.90417254
1503,0.0056552156
1504,0.99993646
1505,0.0005689285
1506,0.99774903
1507,0.0012220659
1508,0.7046325
1509,0.99985534
1510,0.95213205
1511,0.30602467
1512,0.99967253
1513,0.855175
1514,0.99829066
1515,0.009968089
1516,0.99624795
1517,0.01915471
1518,0.13191319
1519,0.46468782
1520,0.9908779
1521,0.0013346797
1522,0.0021936097
1523,0.0036911003
1524,0.0027143299
1525,0.007651896
1526,0.67530954
1527,0.99886954
1528,4.9606402e-05
1529,0.96916306
1530,0.5019509
1531,0.99832344
1532,0.5404682
1533,0.013641926
1534,0.98534524
1535,0.01035686
1536,0.999812
1537,0.0033433095
1538,0.99626464
1539,0.9859211
1540,0.1283724
1541,0.9998506
1542,0.97913206
1543,0.41026282
1544,0.6525427
1545,0.9954214
1546,0.6959971
1547,0.0001415633
1548,0.9996575
1549,0.53427523
1550,0.0074185245
1551,0.9953433
1552,0.0066745235
1553,0.107602775
1554,0.9961437
1555,0.6253456
1556,0.8953198
1557,0.5349346
1558,0.001010339
1559,0.0031488359
1560,0.9998883
1561,0.99953425
1562,0.0050431485
1563,0.6677874
1564,0.9401413
1565,0.99799407
1566,0.9208517
1567,0.9991442
1568,0.0026559378
1569,0.0026559378
1570,0.0048131864
1571,0.6868429
1572,0.999468
1573,0.8973071
1574,0.9997732
1575,0.003780529
1576,0.006256234
1577,0.004779619
1578,0.0014248143
1579,0.00038158175
1580,0.79792154
1581,0.834942
1582,0.6277196
1583,0.80139226
1584,0.9961109
1585,0.99906194
1586,0.0006333977
1587,0.96947527
1588,0.0056603574
1589,0.0018706548
1590,0.9963557
1591,0.99742043
1592,0.9996193
1593,0.0046689464
1594,0.0054671634
1595,0.9985902
1596,0.99728507
1597,0.99825174
1598,0.9818932
1599,0.9892933
1600,0.0043930016
1601,0.00024215039
1602,0.009321167
1603,0.0032039832
1604,0.99958384
1605,0.99532306
1606,0.00041532138
1607,0.28993887
1608,0.7737305
1609,0.00044492033
1610,0.00036077388
1611,0.9996258
1612,0.0010245186
1613,0.008132664
1614,0.93950623
1615,0.9961212
1616,0.07496061
1617,0.98925704
1618,0.11155479
1619,0.0026277013
1620,0.073029004
1621,0.042207725
1622,0.0038775615
1623,0.0051225824
1624,0.30952385
1625,0.9990808
1626,0.17748451
1627,0.0022750597
1628,0.9931059
1629,0.99348575
1630,0.033023123
1631,0.9999157
1632,0.0010319247
1633,0.0008403227
1634,0.0026727207
1635,0.99755114
1636,0.00093718944
1637,0.14864847
1638,0.0018050305
1639,0.9990185
1640,0.93958724
1641,0.0002394607
1642,0.86274004
1643,0.9919368
1644,0.6594331
1645,0.99603784
1646,0.009094151
1647,0.999829
1648,0.0005136867
1649,0.9994465
1650,0.9092798
1651,0.010037478
1652,0.016817447
1653,0.9997101
1654,0.77919644
1655,0.115084805
1656,0.99993294
1657,0.03327711
1658,0.0029233757
1659,0.015475516
1660,0.020742094
1661,0.9542055
1662,0.0019352145
1663,0.95230037
1664,0.003171976
1665,0.0038528363
1666,0.89524364
1667,0.9793409
1668,0.88485146
1669,0.0009877235
1670,0.00085940165
1671,0.99909925
1672,0.0032061846
1673,0.03275722
1674,0.48135298
1675,0.42267466
1676,0.044325806
1677,0.8734268
1678,0.9986717
1679,0.35046092
1680,0.9996101
1681,0.00012408214
1682,0.9961402
1683,0.99560577
1684,0.0059419232
1685,0.99872226
1686,0.00012490668
1687,0.00020160596
1688,0.0024091976
1689,0.9906839
1690,0.0393836
1691,0.005089805
1692,0.045707323
1693,0.00290897
1694,0.9948851
1695,0.8433219
1696,0.0021671716
1697,0.00015152188
1698,0.51134557
1699,0.99869335
1700,0.0007130483
1701,0.018820567
1702,0.00017755727
1703,0.9910803
1704,0.999646
1705,0.9993188
1706,0.9999811
1707,0.026824418
1708,0.9972603
1709,0.00036957712
1710,0.00067898416
1711,0.22730103
1712,0.99971724
1713,0.02398339
1714,0.0008648051
1715,0.99717605
1716,0.99295825
1717,0.99485654
1718,0.00069164496
1719,0.99991053
1720,0.002272947
1721,0.9976465
1722,0.00023534548
1723,0.9916893
1724,0.9993712
1725,0.9999008
1726,0.00047495094
1727,0.99247205
1728,0.00050505024
1729,0.0035049256
1730,0.9165039
1731,0.9982014
1732,0.00011844303
1733,0.0053243563
1734,0.9989646
1735,0.99985904
1736,0.9603481
1737,0.0014686775
1738,0.9983245
1739,0.001522566
1740,0.020523697
1741,0.99380887
1742,0.99784565
1743,0.012015849
1744,0.9935234
1745,0.99981785
1746,0.99956304
1747,0.046375215
1748,0.018284453
1749,0.0015493239
1750,0.51699823
1751,0.001882672
1752,0.055963486
1753,0.90478814
1754,0.31521553
1755,0.9997734
1756,0.9986003
1757,0.87807006
1758,0.32301897
1759,0.0031617284
1760,0.595413
1761,0.99276817
1762,0.997709
1763,0.8882677
1764,0.3632328
1765,0.0014373127
1766,0.79324454
1767,0.0024474566
1768,0.018566824
1769,0.999828
1770,0.9929268
1771,0.047975678
1772,0.0011517869
1773,0.00029253235
1774,0.99861395
1775,0.017117042
1776,0.0112119885
1777,0.9975936
1778,0.998394
1779,0.9804343
1780,0.99277765
1781,0.9996637
1782,0.94005454
1783,0.99667966
1784,0.9999148
1785,0.9806798
1786,0.90707415
1787,0.9947208
1788,0.22961476
1789,0.011393586
1790,0.0038168407
1791,0.9807707
1792,0.9995869
1793,0.17540142
1794,0.99652195
1795,0.0021823866
1796,0.9948951
1797,0.96509963
1798,0.010947578
1799,0.99856204
1800,0.99619734
1801,0.8159582
1802,0.010871288
1803,0.0017876597
1804,0.99580765
1805,0.005846408
1806,0.008797332
1807,0.9602642
1808,0.003276049
1809,0.055196464
1810,0.0001329359
1811,0.9994432
1812,0.0032039832
1813,0.965896
1814,0.97272885
1815,0.99972093
1816,0.0063999793
1817,0.99920475
1818,0.0002558552
1819,0.0011623034
1820,0.43002963
1821,0.9911936
1822,0.002231548
1823,0.99952066
1824,0.011960549
1825,0.1674957
1826,0.9952432
1827,0.99229336
1828,0.0022924137
1829,0.99981785
1830,0.99994564
1831,0.001202907
1832,0.12110631
1833,0.999092
1834,0.99954635
1835,0.99976385
1836,0.0054571894
1837,0.0027903966
1838,0.9994006
1839,0.99877566
1840,0.0014982997
1841,0.0030170695
1842,0.000473567
1843,0.44751722
1844,0.00156
1845,0.99978864
1846,0.52426255
1847,0.97861177
1848,0.90176785
1849,0.9998004
1850,0.0010787245
1851,0.183367
1852,0.9868206
1853,0.99988574
1854,0.013902885
1855,0.001092512
1856,0.4892395
1857,0.98951876
1858,0.99997294
1859,0.13029554
1860,0.41960716
1861,0.99826974
1862,0.2649655
1863,0.0007467282
1864,0.0033136576
1865,0.00016622889
1866,0.17925356
1867,0.96846735
1868,0.9997047
1869,0.03993136
1870,0.0003272115
1871,0.0032061846
1872,0.997574
1873,0.99970734
1874,0.9963411
1875,0.002825961
1876,0.0038329281
1877,0.006815959
1878,0.9987489
1879,0.0009293219
1880,0.99949825
1881,0.9999673
1882,0.0005048738
1883,0.9998902
1884,0.22324216
1885,0.00037426996
1886,0.0033669502
1887,0.03291665
1888,0.02398339
1889,0.98681146
1890,0.16269848
1891,0.00017657172
1892,0.0019659088
1893,0.009242101
1894,0.0010011299
1895,0.0002506239
1896,0.001910073
1897,0.0051252595
1898,0.8617215
1899,0.008743439
1900,0.010969238
1901,0.9996282
1902,0.0021582767
1903,0.03217705
1904,0.0021897655
1905,0.10599413
1906,0.99881107
1907,0.0709991
1908,0.4997999
1909,0.34113082
1910,0.000119967925
1911,0.99923384
1912,0.0010817207
1913,0.44613877
1914,0.9570962
1915,0.18512206
1916,0.22878818
1917,0.06438832
1918,0.9992548
1919,0.001989094
1920,0.26380926
1921,0.0048131864
1922,0.9997123
1923,0.048906296
1924,0.99978954
1925,0.99983186
1926,0.99858654
1927,0.99750185
1928,0.06478657
1929,0.7949166
1930,0.0058585266
1931,0.79456866
1932,0.011764944
1933,0.013063131
1934,0.0040361835
1935,0.80227757
1936,0.00084458396
1937,0.7825736
1938,0.9805136
1939,0.99622804
1940,0.00088391855
1941,0.41347823
1942,0.76769114
1943,0.99053276
1944,0.99965316
1945,0.99952745
1946,0.994201
1947,0.9999026
1948,0.7261302
1949,0.9809802
1950,0.99963295
1951,0.999716
1952,0.0027214708
1953,0.99988335
1954,0.9983252
1955,0.99993455
1956,0.9998617
1957,0.002048146
1958,0.0007443848
1959,0.0010865338
1960,0.5833965
1961,0.030100012
1962,0.017470673
1963,0.0023569085
1964,0.99412525
1965,0.00017057119
1966,0.99925935
1967,0.5408266
1968,0.996513
1969,0.9716673
1970,0.0011566889
1971,0.9050539
1972,0.018304247
1973,0.9994418
1974,0.0036056894
1975,0.26539332
1976,0.9998366
1977,0.03819751
1978,0.0015466877
1979,0.9986001
1980,0.0014513715
1981,0.00096180476
1982,0.00040536915
1983,0.20291746
1984,0.00030504834
1985,0.04192847
1986,0.51134557
1987,0.005880356
1988,0.00084745855
1989,0.00021434412
1990,0.0021774115
1991,0.0029122552
1992,0.9666007
1993,0.028238624
1994,0.9950744
1995,0.0023369577
1996,0.9990996
1997,0.99479246
1998,0.96373355
1999,0.9974164
2000,0.9996684
2001,0.024916572
2002,0.99967414
2003,0.99712753
2004,0.0010474969
2005,0.99979436
2006,0.0075003365
2007,0.99915963
2008,0.007770121
2009,0.9936678
2010,0.0019297588
2011,0.7871986
2012,0.99484575
2013,0.028903168
2014,0.99678516
2015,0.8611606
2016,0.0062693343
2017,0.02182427
2018,0.9891958
2019,0.89934015
2020,0.9989721
2021,0.006823845
2022,0.014575407
2023,0.995238
2024,0.0046418556
2025,0.9513583
2026,0.0003665708
2027,0.60825944
2028,0.010504917
2029,0.0042146454
2030,0.00549157
2031,0.0020715746
2032,0.0004669879
2033,0.99949914
2034,0.9997832
2035,0.035546977
2036,0.9999367
2037,0.0039242064
2038,0.9996713
2039,0.9992983
2040,0.00047540083
2041,0.091488466
2042,0.96508867
2043,0.0053445646
2044,0.0020342697
2045,0.0003054623
2046,0.00067898416
2047,0.0009385498
2048,0.0021142897
2049,0.9879176
2050,0.9375814
2051,0.0011946057
2052,0.0008864087
2053,0.9979746
2054,0.9989136
2055,0.0002104844
2056,0.0696284
2057,0.009586019
2058,0.009178317
2059,0.0002937552
2060,0.00010827937
2061,0.9995456
2062,0.9999238
2063,0.99527997
2064,0.04442297
2065,0.8281835
2066,0.99407184
2067,0.99969614
2068,0.99914235
2069,0.021861177
2070,0.035548374
2071,0.0034994923
2072,0.9973521
2073,0.0029226001
2074,0.9998738
2075,0.0022531995
2076,0.8267223
2077,0.0103725735
2078,0.05156328
2079,0.7346781
2080,0.12207003
2081,0.0047769253
2082,0.94584674
2083,0.0012701596
2084,0.99993944
2085,0.0024518215
2086,0.9977031
2087,0.43003708
2088,0.99962646
2089,0.0027389873
2090,0.9984981
2091,0.008335036
2092,0.0039193826
2093,0.01193393
2094,0.0002485909
2095,0.997753
2096,0.9805136
2097,0.0022890288
2098,0.009351304
2099,0.00041074547
2100,0.8216751
2101,0.00030504834
2102,0.9999549
2103,0.0028254301
2104,0.005727007
2105,0.0005283484
2106,0.9804343
2107,0.084936015
2108,0.0005939752
2109,9.3718074e-05
2110,0.82584906
2111,0.91439086
2112,0.9998973
2113,0.9842375
2114,0.00016288867
2115,0.27078322
2116,0.00060865935
2117,0.0005453865
2118,0.9963285
2119,0.00712452
2120,0.8086063
2121,0.01525152
2122,0.0017673997
2123,0.99380887
2124,0.9979358
2125,0.0006545635
2126,0.0048455107
2127,0.0075348676
2128,0.0020194342
2129,0.99855554
2130,0.010615007
2131,0.99978936
2132,0.9427906
2133,0.046576098
2134,0.014595203
2135,0.9971121
2136,0.8742393
2137,0.00024128372
2138,0.9912766
2139,0.99935806
2140,0.0028431157
2141,0.0030779424
2142,0.9953183
2143,0.9990641
2144,0.00042097247
2145,0.9957099
2146,0.99944097
2147,0.9983462
2148,0.00015994548
2149,0.00046797624
2150,0.014907464
2151,0.99915123
2152,0.0019047965
2153,0.0006176545
2154,0.45633316
2155,0.062130444
2156,0.99843407
2157,0.00016850418
2158,0.0025873347
2159,0.0009820434
2160,0.015095338
2161,0.010722665
2162,0.37620956
2163,0.0043986435
2164,0.9991519
2165,0.0010266977
2166,0.037817646
2167,0.07074408
2168,0.0038389831
2169,0.9990805
2170,0.025040423
2171,0.0003295263
2172,0.64479303
2173,0.019636761
2174,0.005306576
2175,0.9969417
2176,0.99796116
2177,0.9968132
2178,0.997723
2179,0.0065331208
2180,0.99927074
2181,0.63006
2182,0.0010772937
2183,0.9998167
2184,0.39404184
2185,0.99921525
2186,0.9994938
2187,0.018146235
2188,0.999055
2189,0.9997381
2190,0.9950525
2191,0.05551623
2192,0.9444885
2193,0.9968483
2194,0.2761932
2195,0.93400335
2196,0.0028142035
2197,0.990823
2198,0.99963176
2199,0.5712132
2200,0.9999429
2201,0.009038233
2202,0.00030030689
2203,0.004746174
2204,0.006339802
2205,0.0015578443
2206,0.71674216
2207,0.0003873109
2208,0.99263287
2209,0.8922368
2210,0.94180936
2211,0.08921333
2212,0.9886133
2213,0.0005182815
2214,0.99975616
2215,0.99941385
2216,0.0014170634
2217,0.97806484
2218,0.99911433
2219,0.0014982997
2220,0.99861825
2221,0.0805219
2222,0.003742783
2223,0.99976665
2224,0.0016782982
2225,0.99881554
2226,0.99974585
2227,0.0051471675
2228,0.37902
2229,0.00073404855
2230,0.000765458
2231,0.0020516214
2232,0.99805987
2233,0.97006285
2234,0.9994963
2235,0.99991286
2236,0.9902054
2237,0.114735916
2238,0.07340618
2239,0.99397373
2240,0.0024823188
2241,0.087228686
2242,0.98855704
2243,0.10925517
2244,0.00074214704
2245,0.009114708
2246,0.00017246066
2247,0.015119885
2248,0.99815595
2249,0.9992155
2250,0.9875172
2251,0.017115075
2252,0.00028896634
2253,0.35939503
2254,0.013068768
2255,0.42304555
2256,0.00054643524
2257,0.28381106
2258,0.99967414
2259,0.99947083
2260,0.05858741
2261,0.679863
2262,0.99860793
2263,0.94567287
2264,0.00044088913
2265,0.99952763
2266,0.024751592
2267,0.9999267
2268,0.99971807
2269,0.6802462
2270,0.9954931
2271,0.89292
2272,0.005319471
2273,0.093365155
2274,0.9982972
2275,0.99990207
2276,0.0006736707
2277,0.0006728738
2278,0.9949843
2279,0.0012030195
2280,0.3386697
2281,0.9087588
2282,0.0003738688
2283,0.003752914
2284,0.9998323
2285,0.99529094
2286,0.9997538
2287,0.9929613
2288,0.019493865
2289,0.02397894
2290,0.014034571
2291,0.7293843
2292,0.9706272
2293,0.99807817
2294,0.033726506
2295,0.045069594
2296,0.5019509
2297,0.0013460801
2298,0.020648919
2299,0.026891267
2300,0.9999691
2301,0.005925895
2302,0.0012515055
2303,0.04883235
2304,0.12889971
2305,0.67027307
2306,0.45117083
2307,0.0037530572
2308,0.014731167
2309,0.9990484
2310,0.005466856
2311,0.29530877
2312,0.0068589235
2313,0.9987791
2314,0.97096384
2315,0.99883157
2316,0.01809385
2317,0.0008688875
2318,0.00054087746
2319,0.98819864
2320,0.14725503
2321,0.0008553057
2322,0.5854843
2323,0.9999741
2324,0.3426174
2325,0.87641585
2326,0.9197359
2327,0.9988004
2328,0.050716497
2329,0.9601885
2330,0.99934924
2331,0.99774617
2332,0.97861177
2333,0.0010088746
2334,0.01906878
2335,0.0011570712
2336,0.0027475199
2337,0.79085815
2338,0.99815
2339,0.001740975
2340,0.99791557
2341,0.999527
2342,0.0005616329
2343,0.9998738
2344,0.9984788
2345,0.00049670896
2346,0.0005230353
2347,0.6773717
2348,0.99532443
2349,0.8963825
2350,0.6210612
2351,0.002237317
2352,0.06995956
2353,0.024222132
2354,0.0014396406
2355,0.99999285
2356,0.10263938
2357,0.00033355717
2358,0.99935853
2359,0.0003341373
2360,0.595413
2361,0.2497385
2362,0.05371338
2363,0.9996025
2364,0.9998617
2365,0.3519602
2366,0.99663
2367,0.9992536
2368,0.00047737453
2369,0.999921
2370,0.005585637
2371,0.9996939
2372,0.9996114
2373,0.99810505
2374,0.037400004
2375,0.0013017659
2376,0.9989928
2377,0.99997294
2378,0.77447605
2379,0.00017728927
2380,0.9993892
2381,0.99835145
2382,0.17879984
2383,0.0354571
2384,0.0063549755
2385,0.9997975
2386,0.026935136
2387,0.0436715
2388,0.99986696
2389,0.90088904
2390,0.44323826
2391,0.08646912
2392,0.9915536
2393,0.9070107
2394,0.99856645
2395,0.93169326
2396,0.00037221625
2397,0.0032933275
2398,0.5058013
2399,0.0010452924
2400,0.9171025
2401,0.0020880539
2402,0.015105255
2403,0.9997004
2404,0.009633
2405,0.9966791
2406,0.0007283713
2407,0.99961245
2408,0.99958575
2409,0.29079637
2410,0.99990046
2411,0.99978065
2412,0.9991188
2413,0.8716359
2414,0.001203855
2415,0.9235242
2416,1.1678961e-05
2417,0.99593914
2418,0.0021267834
2419,0.59502125
2420,0.0058413995
2421,0.004419291
2422,6.28601e-05
2423,0.7127023
2424,0.2276853
2425,0.9970524
2426,0.9997659
2427,0.99876654
2428,0.33530903
2429,0.9985092
2430,0.9998932
2431,0.99958646
2432,0.99793994
2433,0.008697005
2434,0.99991953
2435,0.9999877
2436,0.72177947
2437,0.99607486
2438,0.0068874666
2439,0.9788702
2440,0.00019576463
2441,0.040345512
2442,0.25620705
2443,0.0002555091
2444,0.99869335
2445,0.8258157
2446,0.89887506
2447,0.99894696
2448,0.9883591
2449,0.0007562861
2450,0.0003873109
2451,0.048556875
2452,0.98740923
2453,0.9999054
2454,0.9995281
2455,0.9994545
2456,0.91939723
2457,0.032194447
2458,0.999982
2459,0.055963486
2460,0.9887368
2461,0.99653226
2462,0.99538934
2463,0.00036038662
2464,0.9543179
2465,0.9996543
2466,0.0035925333
2467,0.9998379
2468,0.067028895
2469,0.41907483
2470,0.98076904
2471,0.6480896
2472,0.99258626
2473,0.019068856
2474,0.0029282714
2475,0.9998703
2476,0.0018662931
2477,0.029942214
2478,0.999071
2479,0.00012596018
2480,0.034873337
2481,0.83823365
2482,0.0034913074
2483,0.9992809
2484,0.9998878
2485,0.010780605
2486,0.1219724
2487,0.8795055
2488,8.7224835e-05
2489,0.00075220683
2490,0.9132489
2491,0.9941581
2492,0.9990382
2493,0.9855631
2494,0.98038644
2495,0.46149397
2496,0.99359524
2497,0.9998976
2498,0.3124909
2499,0.99456865
2500,0.014243623
2501,0.99485654
2502,0.99934834
2503,0.0013552366
2504,0.0010419935
2505,0.0036537226
2506,0.0065331785
2507,0.9405943
2508,0.9987567
2509,0.0007775866
2510,0.0063059865
2511,0.0115592135
2512,0.0004044501
2513,0.9997242
2514,0.11590175
2515,0.9998671
2516,0.009786155
2517,0.07095526
2518,0.036422417
2519,0.08398964
2520,0.9989029
2521,0.9991872
2522,0.0038167923
2523,0.99992865
2524,0.003172518
2525,0.30523515
2526,0.00074004545
2527,0.707973
2528,0.999646
2529,0.010796605
2530,0.99974585
2531,0.0003272115
2532,0.07617971
2533,0.0038341817
2534,0.0003231233
2535,0.016951755
2536,0.0006160528
2537,0.99993646
2538,0.0006302496
2539,0.067507625
2540,0.9992814
2541,0.0018662931
2542,0.6809742
2543,0.08445324
2544,0.002400505
2545,0.99961996
2546,0.00095713267
2547,0.0043986435
2548,0.9960225
2549,0.99232113
2550,0.89400464
2551,0.9986478
2552,0.009391649
2553,0.99711293
2554,0.0016166123
2555,0.5876222
2556,0.9949314
2557,0.00062317034
2558,0.0019632443
2559,0.7308377
2560,0.00048722318
2561,0.0032833922
2562,0.0033071996
2563,0.80325496
2564,0.998851
2565,0.49800295
2566,0.0017967664
2567,0.35126787
2568,0.9042638
2569,0.99708825
2570,0.17748451
2571,0.9999809
2572,0.9999753
2573,0.99806434
2574,0.0011164356
2575,0.05084777
2576,0.9997115
2577,0.9996139
2578,0.64689016
2579,0.0048212847
2580,0.098633446
2581,0.99035424
2582,0.9991728
2583,0.9995731
2584,0.0005100168
2585,0.999973
2586,0.99716234
2587,0.00040934334
2588,0.08722513
2589,0.9971803
2590,0.99951994
2591,0.00033660818
2592,0.9991913
2593,0.00027084036
2594,0.3072533
2595,0.107296884
2596,0.99984837
2597,0.0017260967
2598,0.95152664
2599,0.0018933436
2600,0.14081398
2601,0.3474121
2602,0.005377927
2603,0.83617103
2604,0.00015544884
2605,0.9995781
2606,0.0029701577
2607,0.9998493
2608,0.9316331
2609,0.17440973
2610,0.9568356
2611,0.001433661
2612,0.98672134
2613,0.002693478
2614,0.77447605
2615,0.9996809
2616,0.025205323
2617,0.011047771
2618,0.99995697
2619,0.2504088
2620,0.9421358
2621,0.00069674937
2622,0.00304376
2623,0.9736868
2624,0.080693915
2625,0.67974657
2626,0.9992806
2627,0.011683748
2628,0.87407666
2629,0.00035988
2630,0.0031627815
2631,0.00095943856
2632,0.99994344
2633,0.96887
2634,0.9187397
2635,0.10599413
2636,0.9983574
2637,0.16012299
2638,0.00882267
2639,0.2629026
2640,0.9383067
2641,0.8837584
2642,0.03564958
2643,0.99921006
2644,0.004437904
2645,0.0024632914
2646,0.9996235
2647,0.6782224
2648,0.004565817
2649,0.001663023
2650,0.000717491
2651,0.0110312635
2652,0.9987114
2653,0.0025117835
2654,0.0014343127
2655,0.9970621
2656,0.75479573
2657,0.43555227
2658,0.031624943
2659,0.97952783
2660,0.06995956
2661,0.0021877906
2662,0.0017573007
2663,0.08130739
2664,0.0010573047
2665,0.9913845
2666,0.028565202
2667,0.00032261672
2668,0.9999819
2669,0.88989985
2670,0.47416848
2671,0.00094747945
2672,0.60017765
2673,0.9048668
2674,0.00028641944
2675,0.00015842915
2676,0.8707098
2677,0.0007347566
2678,0.75519514
2679,0.205712
2680,0.99374163
2681,0.0058413995
2682,0.99608546
2683,0.9980456
2684,0.999283
2685,0.99294674
2686,0.7842926
2687,0.0006625611
2688,0.91719043
2689,0.99832076
2690,0.014346728
2691,0.0031617284
2692,0.99627036
2693,0.001266695
2694,0.022831926
2695,0.9995834
2696,0.84713566
2697,0.99967414
2698,0.9943131
2699,0.9994316
2700,0.0075196037
2701,0.002737707
2702,0.9323165
2703,0.0009183258
2704,0.00092616666
2705,0.0017805651
2706,0.9961597
2707,0.9986826
2708,0.51722085
2709,0.67166895
2710,0.79324454
2711,0.0008303566
2712,0.18449274
2713,0.67023075
2714,0.00060094916
2715,0.99971807
2716,0.39571315
2717,0.0030546398
2718,0.0009448055
2719,0.9991666
2720,0.8839343
2721,0.9949557
2722,0.0012136321
2723,0.9915657
2724,0.00028740108
2725,0.00035915314
2726,0.04066112
2727,0.011589326
2728,0.00016477631
2729,0.99921095
2730,0.0017514942
2731,0.000681174
2732,0.99697447
2733,0.06151682
2734,3.4280034e-05
2735,0.9984523
2736,0.0055808686
2737,0.13916445
2738,0.99921095
2739,0.99862087
2740,0.99998456
2741,0.30043072
2742,0.9986162
2743,0.9933214
2744,0.9859751
2745,0.99995744
2746,0.9996728
2747,0.5611233
2748,0.96971893
2749,0.9662634
2750,0.99849665
2751,0.063564084
2752,0.0002352638
2753,0.8687703
2754,0.4576625
2755,0.8612539
2756,0.00044001042
2757,0.99953425
2758,0.0039438577
2759,0.9993965
2760,0.9996187
2761,0.00051016046
2762,0.9872055
2763,0.0015789217
2764,0.43458262
2765,0.00057030236
2766,0.9993415
2767,0.9958235
2768,0.2405469
2769,0.01440845
2770,0.00016917297
2771,0.00046656694
2772,0.36089492
2773,0.52054626
2774,0.98857653
2775,0.0043269754
2776,0.99988556
2777,0.004019377
2778,0.0015446688
2779,0.97805244
2780,0.0009582584
2781,0.5157641
2782,0.6367031
2783,0.8069765
2784,0.0065350486
2785,0.00077151274
2786,0.019389635
2787,0.98185205
2788,0.019164266
2789,0.026383525
2790,0.763839
2791,0.0017876597
2792,0.99914724
2793,0.0063065113
2794,0.0030547732
2795,0.0046598422
2796,0.99946594
2797,0.05378723
2798,0.99170285
2799,0.86862546
2800,0.00016815141
2801,0.5816814
2802,0.00025551993
2803,0.0014980128
2804,0.9995527
2805,0.99983674
2806,0.1832567
2807,0.0006951886
2808,0.19519678
2809,0.74980843
2810,0.012924885
2811,0.99809456
2812,0.86538714
2813,0.0010986727
2814,0.00056735537
2815,0.2587838
2816,0.9994236
2817,0.004699425
2818,0.9789356
2819,0.9992422
2820,0.9998595
2821,0.012575297
2822,0.015331119
2823,0.99906194
2824,0.9956668
2825,0.14529291
2826,0.16167387
2827,0.0071718707
2828,0.69217485
2829,0.003742783
2830,0.004638632
2831,0.00028267573
2832,0.00013977212
2833,7.141339e-05
2834,0.010444361
2835,0.00058850506
2836,0.9625228
2837,0.0010042847
2838,0.00036909105
2839,0.9989666
2840,0.028072719
2841,0.99996746
2842,0.96233
2843,0.0714017
2844,0.2340148
2845,0.00029809488
2846,0.73353565
2847,0.00049744605
2848,0.036422417
2849,0.98060596
2850,0.53491247
2851,0.9957727
2852,0.00031278926
2853,0.021861177
2854,0.0010266977
2855,0.99607193
2856,0.99911135
2857,0.5569926
2858,0.9994168
2859,0.9657682
2860,0.00019576463
2861,0.9868206
2862,0.9935085
2863,0.9996584
2864,0.0007775866
2865,0.0010976783
2866,0.00017579396
2867,0.5673697
2868,0.0068589197
2869,0.9997098
2870,0.9577025
2871,0.006760883
2872,0.8699439
2873,0.010674575
2874,0.062118948
2875,0.8492958
2876,0.032429677
2877,0.0045370697
2878,0.99997455
2879,0.00078109844
2880,0.9990293
2881,0.99795514
2882,0.9082055
2883,0.9206403
2884,0.95670617
2885,0.565081
2886,0.9995762
2887,0.999827
2888,0.14316365
2889,0.004988652
2890,0.000849107
2891,8.020292e-05
2892,0.1516968
2893,0.00034585875
2894,0.99670124
2895,0.9998274
2896,0.00087974296
2897,0.0039506103
2898,0.11161574
2899,0.6309922
2900,0.0004918765
2901,0.0069979974
2902,0.020166107
2903,0.0011068818
2904,0.9950644
2905,0.9987114
2906,0.7779733
2907,0.9998212
2908,0.0007008093
2909,0.00897219
2910,0.9999622
2911,0.0007075876
2912,0.938414
2913,0.00020006104
2914,0.97099626
2915,0.00051931717
2916,0.9503571
2917,0.019787079
2918,0.0098772105
2919,0.5570431
2920,0.02811622
2921,0.0030853492
2922,0.08980552
2923,0.007155355
2924,0.0045430018
2925,0.23922011
2926,0.9943517
2927,0.9836484
2928,0.5136744
2929,0.9404048
2930,0.0001504972
2931,0.9777956
2932,0.960811
2933,0.7939119
2934,0.003100621
2935,0.02234574
2936,0.40445948
2937,0.0065904865
2938,0.0062033995
2939,0.0016133751
2940,0.9896167
2941,0.04082116
2942,0.9779949
2943,0.9993142
2944,0.65384406
2945,0.9960989
2946,0.00040041926
2947,0.9961212
2948,0.9997913
2949,0.64197135
2950,0.0010086539
2951,0.57790655
2952,0.9985531
2953,0.8680748
2954,0.000373973
2955,0.007829984
2956,0.024664538
2957,0.040015265
2958,0.0020281018
2959,0.019147895
2960,0.99962443
2961,0.9836993
2962,0.9993965
2963,0.0138896005
2964,0.13173921
2965,0.99964535
2966,0.9836401
2967,0.004346143
2968,0.99254435
2969,0.00019755498
2970,0.0024357394
2971,0.99861956
2972,0.00020816452
2973,0.62307554
2974,0.0047661695
2975,0.20259261
2976,0.9997913
2977,0.99986345
2978,0.99786997
2979,0.13384071
2980,0.01021882
2981,0.9986397
2982,0.41684848
2983,0.011995342
2984,0.7318527
2985,0.01769726
2986,0.9284623
2987,0.00021992123
2988,0.99829847
2989,0.023788296
2990,0.32799235
2991,0.003895857
2992,0.999716
2993,0.99966305
2994,0.011250308
2995,0.6641637
2996,0.44549233
2997,0.00040934334
2998,0.011941335
2999,0.0113603445
3000,0.9218062
3001,0.0038145017
3002,0.0005125705
3003,0.98007107
3004,0.095300086
3005,0.99890935
3006,0.009755121
3007,0.2074639
3008,0.8365939
3009,0.9996973
3010,0.0035391573
3011,0.99993324
3012,0.9962905
3013,0.01628377
3014,0.016476639
3015,0.06533873
3016,0.00084219023
3017,0.81221896
3018,0.10812793
3019,0.67530954
3020,0.16527292
3021,0.41751224
3022,0.9986826
3023,0.6289357
3024,0.056364007
3025,0.9972249
3026,0.0660021
3027,0.99750435
3028,0.0032400799
3029,0.0016423857
3030,0.0035685445
3031,0.953976
3032,0.9999026
3033,0.015249642
3034,0.00021133618
3035,0.04913233
3036,0.0059801517
3037,0.8205554
3038,0.0016866211
3039,0.40243655
3040,0.020343754
3041,0.9991349
3042,0.94853
3043,0.0016005648
3044,0.99849683
3045,0.32088953
3046,0.0001736159
3047,0.04719122
3048,0.99979365
3049,0.0059961826
3050,0.99951303
3051,0.94584674
3052,0.49663767
3053,0.99936676
3054,0.00085206126
3055,0.21839443
3056,0.0005356657
3057,0.016823903
3058,0.9998539
3059,0.00017422994
3060,0.9489465
3061,0.00025830805
3062,0.0040234164
3063,0.048965428
3064,0.006904037
3065,0.0012895169
3066,0.001267249
3067,0.060429733
3068,0.21665645
3069,0.8989252
3070,0.9748991
3071,0.0007384284
3072,0.9998802
3073,0.0013253164
3074,0.009716956
3075,0.72690713
3076,0.77919644
3077,0.95442617
3078,0.37314248
3079,0.9999877
3080,0.9857073
3081,0.004984278
3082,0.9990705
3083,0.9991574
3084,0.88362896
3085,0.004784132
3086,0.9194522
3087,0.009178868
3088,6.6175344e-05
3089,0.0012229225
3090,0.9863272
3091,0.0062128133
3092,0.9640301
3093,0.16684386
3094,0.0037216097
3095,0.00044321717
3096,0.5898942
3097,0.0004863611
3098,0.009518633
3099,0.9660613
3100,0.00042766868
3101,0.46165276
3102,0.11947338
3103,0.00094560423
3104,0.9998233
3105,0.9998032
3106,0.6028765
3107,0.9969966
3108,0.14016783
3109,0.012820217
3110,0.99652195
3111,0.9921835
3112,0.9965099
3113,0.0003630628
3114,0.98556364
3115,0.9998965
3116,0.99733514
3117,0.5233916
3118,0.9987966
3119,0.999451
3120,0.61820495
3121,0.0008441163
3122,0.0018204979
3123,0.011138424
3124,0.9684451
3125,0.9987887
3126,0.003690331
3127,0.025055936
3128,7.987658e-05
3129,0.92915547
3130,0.99974376
3131,0.9999342
3132,0.002672161
3133,0.9543845
3134,0.5574619
3135,0.9716009
3136,0.99996054
3137,8.700986e-05
3138,0.83920324
3139,0.9625228
3140,0.98165953
3141,0.15865615
3142,0.999598
3143,0.99865425
3144,0.9208682
3145,0.0033363593
3146,0.9993035
3147,0.000809393
3148,0.007501618
3149,0.99914235
3150,0.9977868
3151,0.018291008
3152,0.8732071
3153,0.07057964
3154,0.0006597915
3155,0.99976957
3156,0.001092512
3157,0.0071146106
3158,0.9998972
3159,0.49651995
3160,0.99976635
3161,0.010150427
3162,0.9984268
3163,0.9995044
3164,0.0032315366
3165,0.97506523
3166,0.6037978
3167,0.00010713625
3168,0.9985401
3169,0.9996403
3170,0.37232572
3171,0.99828184
3172,0.20827854
3173,0.0007857006
3174,0.99933577
3175,0.83839095
3176,0.015565062
3177,0.99943894
3178,0.0036888602
3179,0.833302
3180,0.9999779
3181,0.003029205
3182,0.9980696
3183,0.9692561
3184,0.5333353
3185,0.9997345
3186,0.24147744
3187,0.007841518
3188,0.0006390004
3189,0.9998312
3190,0.99448836
3191,0.034488507
3192,0.65567935
3193,0.0030018261
3194,0.9779315
3195,0.041817717
3196,0.113952056
3197,0.014392734
3198,0.8493923
3199,0.5748364
3200,0.53756964
3201,0.9998247
3202,0.9969206
3203,0.011589326
3204,0.9992906
3205,0.99814284
3206,0.05215175
3207,0.00236197
3208,0.067147836
3209,0.9902056
3210,0.004822289
3211,0.98801154
3212,0.80294675
3213,0.00031286356
3214,0.0009962663
3215,0.0005129486
3216,0.017475912
3217,0.99865276
3218,0.5778606
3219,0.0027715727
3220,0.9998168
3221,0.0006035791
3222,0.0005014852
3223,0.99923486
3224,0.9967365
3225,0.99031603
3226,0.99848586
3227,0.8079829
3228,0.8862351
3229,0.96548796
3230,0.006165299
3231,0.999317
3232,0.9992434
3233,0.15928115
3234,0.13724439
3235,0.95905364
3236,0.9999239
3237,0.000110728506
3238,0.006740139
3239,0.12674275
3240,0.9999811
3241,0.9832525
3242,0.93612015
3243,0.000950302
3244,0.9998609
3245,0.025936749
3246,0.49539334
3247,0.00028542554
3248,0.99970895
3249,0.9999649
3250,0.03662952
3251,0.99651736
3252,0.81211776
3253,0.0066363113
3254,0.08573957
3255,0.13587482
3256,0.01105763
3257,0.3772412
3258,0.023003865
3259,0.03393698
3260,0.9999445
3261,0.02291688
3262,0.57958055
3263,0.17939022
3264,0.9787733
3265,0.999575
3266,0.9990387
3267,0.9994028
3268,0.0004272981
3269,0.99908036
3270,0.9985401
3271,0.020820836
3272,0.005131116
3273,0.9619479
3274,0.63287723
3275,0.021188363
3276,0.00061005173
3277,0.0009880697
3278,0.0028448463
3279,0.9972011
3280,0.7283477
3281,0.99047196
3282,0.030638475
3283,0.004578823
3284,0.00016708292
3285,0.31830877
3286,0.8061164
3287,0.0026110797
3288,0.188734
3289,0.98733157
3290,0.999827
3291,0.012436403
3292,0.001646158
3293,0.1905305
3294,0.7705248
3295,0.9773865
3296,0.004019377
3297,0.007428471
3298,0.026383525
3299,0.0009625771
3300,0.99755114
3301,0.02000325
3302,0.13423756
3303,0.0006519201
3304,0.07154173
3305,0.79254365
3306,0.23432462
3307,0.25484198
3308,0.0003362681
3309,0.01536836
3310,0.7278627
3311,0.99940634
3312,0.02943765
3313,0.00034928755
3314,0.9977623
3315,0.002588842
3316,0.008581938
3317,0.02040947
3318,0.19521032
3319,0.99647397
3320,0.6452671
3321,0.9997528
3322,3.589842e-05
3323,0.0075860023
3324,0.006739038
3325,0.00020261234
3326,0.001041193
3327,0.8333106
3328,0.0005987324
3329,0.9999589
3330,0.0004452238
3331,0.99994344
3332,0.0047941864
3333,0.997927
3334,0.43278798
3335,0.008346377
3336,0.99939954
3337,0.0016498289
3338,0.9994861
3339,0.0013178394
3340,0.004309493
3341,0.9977137
3342,0.60825944
3343,0.994013
3344,0.9954648
3345,0.00010663654
3346,0.9996665
3347,0.99933803
3348,0.9918062
3349,0.9994806
3350,0.0005223724
3351,0.016224867
3352,0.00016708292
3353,0.0056367363
3354,0.0029999088
3355,0.00048067904
3356,0.008008728
3357,0.014243623
3358,0.012555895
3359,0.99380285
3360,0.11891916
3361,0.840078
3362,0.009550812
3363,0.581336
3364,0.99983025
3365,0.00025112138
3366,0.9966078
3367,0.9995699
3368,0.070306174
3369,0.9978452
3370,0.99983484
3371,0.0002546368
3372,0.000856531
3373,0.2019841
3374,0.96016854
3375,0.99437934
3376,0.530938
3377,0.17319003
3378,0.0018348314
3379,0.54690486
3380,0.047755618
3381,0.0057460293
3382,0.9844592
3383,0.002214426
3384,0.99709857
3385,0.9900629
3386,0.9969881
3387,0.9222264
3388,0.0038353621
3389,0.9992796
3390,0.00025541233
3391,0.0067447433
3392,0.00022632854
3393,0.07005893
3394,0.9979607
3395,0.24556987
3396,0.38569465
3397,0.9996525
3398,0.009594713
3399,0.20911786
3400,0.7177392
3401,0.004779619
3402,0.07954548
3403,0.00027330336
3404,0.5349346
3405,0.9997603
3406,0.0018204979
3407,0.0017043271
3408,0.09723165
3409,0.0048078205
3410,0.99997985
3411,0.0021245857
3412,0.008466043
3413,0.9994787
3414,0.9995513
3415,0.7495371
3416,0.9996688
3417,0.006975039
3418,0.9969093
3419,0.9368035
3420,0.0009774051
3421,0.0017805651
3422,0.004779619
3423,0.0002536084
3424,0.9998547
3425,0.9937376
3426,0.8982226
3427,0.0012701596
3428,0.061459042
3429,0.0023597262
3430,0.031602643
3431,0.99773824
3432,0.0009225866
3433,0.2094177
3434,0.51244104
3435,0.99919033
3436,0.7961236
3437,0.005096807
3438,0.7115873
3439,0.0027168808
3440,0.857343
3441,0.9995831
3442,0.99990684
3443,0.26927498
3444,0.27609587
3445,0.32578918
3446,0.07334234
3447,0.5837717
3448,0.9956579
3449,0.74480367
3450,0.8909386
3451,0.9941541
3452,0.9998005
3453,0.1947072
3454,0.9995058
3455,0.58125645
3456,0.99917233
3457,0.9791074
3458,0.8646795
3459,0.9416052
3460,0.9983784
3461,0.060843028
3462,0.99932605
3463,0.99984473
3464,0.64689016
3465,0.6792279
3466,0.9998587
3467,0.9826149
3468,0.012852853
3469,0.0001207237
3470,0.1450747
3471,0.99972713
3472,0.033783074
3473,0.99972665
3474,0.0016447001
3475,0.00012568811
3476,0.92311746
3477,0.565241
3478,0.99860257
3479,0.02575632
3480,0.99828184
3481,0.0022750597
3482,0.9993187
3483,0.00214074
3484,0.0014611392
3485,0.015832853
3486,0.9136138
3487,0.0004138993
3488,0.124231555
3489,0.0028625815
3490,0.9992054
3491,0.98364335
3492,0.00080046616
3493,0.004491673
3494,0.0308489
3495,0.99991244
3496,0.90621394
3497,0.9999011
3498,0.0006377711
3499,0.9993262
3500,0.9707856
3501,0.9904497
3502,0.99353963
3503,0.9976803
3504,0.97492486
3505,0.0019881518
3506,0.15061167
3507,0.9991315
3508,0.98137033
3509,0.00010349986
3510,0.0005172078
3511,0.0048455107
3512,0.715133
3513,0.999658
3514,0.9994465
3515,0.99976367
3516,0.0006585693
3517,0.9996544
3518,0.10069384
3519,0.0010564358
3520,0.012236008
3521,0.99973345
3522,0.022695052
3523,0.8535304
3524,0.9959707
3525,0.00041532138
3526,0.00935006
3527,0.009361106
3528,0.022002216
3529,0.99962187
3530,0.0003540524
3531,0.010816872
3532,0.00020267503
3533,0.01720094
3534,0.90250766
3535,0.32423374
3536,0.0031573146
3537,0.00030652466
3538,0.00010798969
3539,0.0007158773
3540,0.1017973
3541,0.9983598
3542,0.02956458
3543,0.0015805836
3544,0.99951994
3545,0.006071366
3546,0.007882124
3547,0.00027383995
3548,0.018053435
3549,0.9995764
3550,0.008533905
3551,0.32877427
3552,0.9827589
3553,0.36162558
3554,0.0005200431
3555,0.0009195212
3556,0.3519602
3557,0.9995486
3558,0.0022437389
3559,0.9997098
3560,0.9682859
3561,0.41160178
3562,0.9994342
3563,0.99868023
3564,0.016595343
3565,0.005838793
3566,0.31480095
3567,0.16981778
3568,0.0001478608
3569,0.9724291
3570,0.9908779
3571,0.9949843
3572,0.35126787
3573,0.001989094
3574,0.9998783
3575,0.0056154374
3576,0.9818258
3577,0.99666893
3578,0.004307946
3579,0.9995781
3580,0.9992548
3581,0.00073586986
3582,0.0010410014
3583,0.37310538
3584,0.0048194868
3585,0.9961651
3586,0.9663085
3587,0.99990654
3588,0.0007393692
3589,0.00046278103
3590,0.32439488
3591,0.9999232
3592,0.9994134
3593,0.012367203
3594,0.9993304
3595,0.0007913908
3596,0.0006868434
3597,0.54229814
3598,0.0005592242
3599,0.20805462
3600,0.0026178125
3601,0.009689806
3602,0.0011366874
3603,0.00029623642
3604,0.99596226
3605,0.9995764
3606,6.6175344e-05
3607,0.9999386
3608,0.53681934
3609,0.964924
3610,0.5842292
3611,0.08252661
3612,0.9994308
3613,0.9997395
3614,0.9967909
3615,0.003758086
3616,0.9923854
3617,0.0005048738
3618,0.98444194
3619,0.66878974
3620,0.10393369
3621,0.9910571
3622,0.027081057
3623,0.955085
3624,0.012637205
3625,7.157935e-05
3626,0.000912598
3627,0.40207076
3628,0.99941504
3629,0.007546024
3630,0.00030628935
3631,0.4592058
3632,0.9474332
3633,0.9999404
3634,0.97805244
3635,0.9999331
3636,0.017764643
3637,0.9643852
3638,0.0016365426
3639,0.90086937
3640,0.0010564358
3641,0.00037221625
3642,0.0036402028
3643,0.99835145
3644,0.99998033
3645,0.0023506419
3646,0.045826294
3647,0.0004880336
3648,0.99988496
3649,0.8782333
3650,0.00011846553
3651,3.589842e-05
3652,0.015909256
3653,0.99198806
3654,0.00027084036
3655,0.03098886
3656,0.29187432
3657,0.70791996
3658,0.08077637
3659,0.9832114
3660,0.9301157
3661,0.0008040039
3662,0.02279057
3663,0.9235895
3664,0.9982236
3665,0.027041966
3666,0.7996563
3667,0.11477818
3668,0.97706974
3669,0.13197224
3670,0.06918975
3671,0.9994404
3672,0.0927755
3673,0.9989554
3674,0.9994852
3675,0.9985281
3676,0.9928045
3677,0.99997264
3678,0.41801876
3679,0.9994515
3680,0.9975807
3681,0.99998045
3682,0.9981658
3683,0.62022823
3684,0.0016284741
3685,0.0036116012
3686,0.00026055708
3687,0.9993124
3688,0.99799144
3689,0.0027515756
3690,0.9999755
3691,0.97182417
3692,0.99837464
3693,0.26527652
3694,0.0044227364
3695,0.0016132891
3696,0.0017043271
3697,0.0020799583
3698,0.00038906065
3699,0.4111224
3700,0.01786333
3701,0.9993886
3702,0.99855834
3703,0.9092924
3704,0.9997331
3705,0.7794069
3706,0.022728888
3707,0.00015842915
3708,0.04228725
3709,0.0011746603
3710,0.0011062826
3711,0.47052813
3712,0.9998209
3713,0.99750435
3714,0.0023727461
3715,0.2566921
3716,0.9992255
3717,0.031180566
3718,0.9769842
3719,0.9702896
3720,0.9970077
3721,0.65868485
3722,0.707973
3723,0.53232396
3724,0.9971364
3725,0.8021444
3726,0.00037221625
3727,0.99936056
3728,0.0002091402
3729,0.06737952
3730,0.999819
3731,0.9958412
3732,0.96306705
3733,0.9998245
3734,0.9995618
3735,0.0037736013
3736,0.896008
3737,0.58497906
3738,0.99154747
3739,0.00096924155
3740,0.965611
3741,0.8645601
3742,0.9996349
3743,0.00021424431
3744,0.99970895
3745,0.9468113
3746,0.011250308
3747,0.99788076
3748,0.99996436
3749,0.9439023
3750,0.96959364
3751,0.17602125
3752,0.44979772
3753,0.99848306
3754,0.99887866
3755,0.010194801
3756,0.0013017659
3757,0.0030170695
3758,0.0010624878
3759,0.00027941272
3760,0.0005231297
3761,0.0010985372
3762,0.33530903
3763,0.9995322
3764,0.9913374
3765,0.0021671716
3766,0.0008273983
3767,0.9999342
3768,0.9053971
3769,0.06709768
3770,0.9947133
3771,0.083323464
3772,0.3772412
3773,0.85963804
3774,0.0002446833
3775,0.008688077
3776,0.00016708292
3777,0.0008001522
3778,0.9999484
3779,0.04609283
3780,0.5989068
3781,0.015229349
3782,0.994013
3783,0.9940192
3784,0.0067611
3785,0.9997331
3786,0.98831284
3787,0.9999178
3788,0.9994456
3789,0.0032070386
3790,0.0028459348
3791,0.0656758
3792,0.0037122183
3793,0.00037135134
3794,0.0047687576
3795,0.032812595
3796,0.9087225
3797,0.07071651
3798,0.9592036
3799,0.13960446
3800,0.0018906959
3801,0.999732
3802,0.70413035
3803,0.00045580594
3804,0.96968377
3805,0.9994853
3806,0.9943517
3807,0.99690866
3808,0.00039005963
3809,0.0037435193
3810,0.059215534
3811,0.9967556
3812,0.0011071581
3813,0.00044092178
3814,0.00028746805
3815,0.9118167
3816,0.0002456222
3817,0.000688135
3818,0.9836401
3819,0.5293876
3820,0.9960604
3821,0.99556637
3822,0.00022774105
3823,0.00032348078
3824,0.008614665
3825,0.9884821
3826,0.009731991
3827,0.029683601
3828,0.031393666
3829,0.0010556945
3830,0.9998291
3831,0.042019
3832,0.5440279
3833,0.9966791
3834,0.9461958
3835,0.00047118068
3836,0.0443089
3837,0.0062128133
3838,0.99915475
3839,0.6053622
3840,0.99992067
3841,0.9988961
3842,0.9996193
3843,0.9999579
3844,0.0061244033
3845,0.00068334845
3846,0.014543481
3847,0.92331046
3848,0.47817683
3849,0.99653226
3850,0.12095072
3851,0.0015164792
3852,0.99980676
3853,0.99970466
3854,0.9956619
3855,0.03055971
3856,0.9948772
3857,0.022096325
3858,0.40276724
3859,0.011683748
3860,0.99993026
3861,0.0025846749
3862,0.00034489203
3863,0.77919644
3864,0.0024068498
3865,0.0011238542
3866,0.8859705
3867,0.3753507
3868,0.00054643524
3869,0.9781128
3870,0.9998291
3871,0.74573994
3872,0.9951054
3873,0.9933742
3874,0.99977076
3875,0.005612459
3876,0.4273719
3877,0.20893686
3878,0.0012064058
3879,0.99957865
3880,0.94548404
3881,0.012262121
3882,0.031393666
3883,0.99940956
3884,0.98931885
3885,0.016828967
3886,0.95677054
3887,0.124701776
3888,0.99910533
3889,0.018304247
3890,0.52207935
3891,0.0011731992
3892,0.00026791234
3893,6.662811e-05
3894,0.05376923
3895,0.8902478
3896,0.00089584413
3897,0.43003708
3898,0.0010951399
3899,0.10832349
3900,0.9985095
3901,0.059904892
3902,0.9909565
3903,0.00023055935
3904,0.07600565
3905,0.999468
3906,0.033221725
3907,0.08331563
3908,0.001188033
3909,0.0056367363
3910,0.007877602
3911,0.013834436
3912,0.99997157
3913,0.9955597
3914,0.0950679
3915,0.0008586132
3916,0.01051663
3917,0.9998973
3918,0.010368577
3919,0.0002850595
3920,0.99970067
3921,0.8148031
3922,0.017400187
3923,0.00032951368
3924,0.8889287
3925,0.9012594
3926,0.91859037
3927,0.034580074
3928,0.00021434412
3929,0.005230427
3930,0.38563398
3931,0.999462
3932,0.0049881614
3933,0.9998512
3934,0.0021581792
3935,0.022943111
3936,0.0012705381
3937,0.90855867
3938,0.00019231948
3939,0.9975896
3940,0.31076187
3941,0.079121724
3942,0.030817118
3943,0.9996909
3944,0.016782586
3945,0.00010620905
3946,0.99833727
3947,0.001458803
3948,0.9998544
3949,0.0037868936
3950,0.2095134
3951,0.99892366
3952,0.5972462
3953,0.073042214
3954,0.0077416757
3955,0.09955561
3956,0.9876895
3957,0.010368577
3958,0.99984264
3959,0.0056134905
3960,0.32422504
3961,0.99828005
3962,0.99983406
3963,0.014570619
3964,0.0013428528
3965,0.9996389
3966,0.020452086
3967,0.9997282
3968,0.99989545
3969,0.8281835
3970,0.98690045
3971,0.009123648
3972,0.9958235
3973,0.9993886
3974,0.003401583
3975,0.96466506
3976,0.9997223
3977,0.0007565917
3978,0.00037083097
3979,0.9997708
3980,0.020408127
3981,0.09312184
3982,0.0019047965
3983,0.67421496
3984,0.00042765582
3985,0.8858579
3986,0.9994292
3987,0.8385197
3988,0.054017365
3989,0.92558515
3990,0.003135224
3991,0.7834514
3992,0.9999139
3993,0.00018672945
3994,0.1553341
3995,0.013984854
3996,0.48442975
3997,0.0002104715
3998,0.0010390424
3999,0.9494747
4000,0.0033532013
